Year,Quarter,Month,Day,Sum of SalesVolume,RegionName
1995,Qtr 1,January,1,2129,Greater Manchester
1995,Qtr 1,January,1,1022,Merseyside
1995,Qtr 1,January,1,940,South Yorkshire
1995,Qtr 1,January,1,805,Tyne and Wear
1995,Qtr 1,January,1,1832,West Midlands
1995,Qtr 1,January,1,1955,West Yorkshire
1995,Qtr 1,February,1,2176,Greater Manchester
1995,Qtr 1,February,1,1224,Merseyside
1995,Qtr 1,February,1,874,South Yorkshire
1995,Qtr 1,February,1,828,Tyne and Wear
1995,Qtr 1,February,1,1972,West Midlands
1995,Qtr 1,February,1,1845,West Yorkshire
1995,Qtr 1,March,1,3127,Greater Manchester
1995,Qtr 1,March,1,1470,Merseyside
1995,Qtr 1,March,1,1311,South Yorkshire
1995,Qtr 1,March,1,1228,Tyne and Wear
1995,Qtr 1,March,1,2571,West Midlands
1995,Qtr 1,March,1,2713,West Yorkshire
1995,Qtr 2,April,1,2359,Greater Manchester
1995,Qtr 2,April,1,1118,Merseyside
1995,Qtr 2,April,1,1125,South Yorkshire
1995,Qtr 2,April,1,1003,Tyne and Wear
1995,Qtr 2,April,1,2183,West Midlands
1995,Qtr 2,April,1,2323,West Yorkshire
1995,Qtr 2,May,1,2686,Greater Manchester
1995,Qtr 2,May,1,1431,Merseyside
1995,Qtr 2,May,1,1316,South Yorkshire
1995,Qtr 2,May,1,1136,Tyne and Wear
1995,Qtr 2,May,1,2553,West Midlands
1995,Qtr 2,May,1,2608,West Yorkshire
1995,Qtr 2,June,1,3323,Greater Manchester
1995,Qtr 2,June,1,1630,Merseyside
1995,Qtr 2,June,1,1596,South Yorkshire
1995,Qtr 2,June,1,1351,Tyne and Wear
1995,Qtr 2,June,1,2898,West Midlands
1995,Qtr 2,June,1,2862,West Yorkshire
1995,Qtr 3,July,1,2791,Greater Manchester
1995,Qtr 3,July,1,1268,Merseyside
1995,Qtr 3,July,1,1217,South Yorkshire
1995,Qtr 3,July,1,1138,Tyne and Wear
1995,Qtr 3,July,1,2519,West Midlands
1995,Qtr 3,July,1,2558,West Yorkshire
1995,Qtr 3,August,1,2786,Greater Manchester
1995,Qtr 3,August,1,1431,Merseyside
1995,Qtr 3,August,1,1478,South Yorkshire
1995,Qtr 3,August,1,1243,Tyne and Wear
1995,Qtr 3,August,1,2747,West Midlands
1995,Qtr 3,August,1,2629,West Yorkshire
1995,Qtr 3,September,1,2916,Greater Manchester
1995,Qtr 3,September,1,1479,Merseyside
1995,Qtr 3,September,1,1428,South Yorkshire
1995,Qtr 3,September,1,1240,Tyne and Wear
1995,Qtr 3,September,1,2853,West Midlands
1995,Qtr 3,September,1,2759,West Yorkshire
1995,Qtr 4,October,1,2711,Greater Manchester
1995,Qtr 4,October,1,1420,Merseyside
1995,Qtr 4,October,1,1219,South Yorkshire
1995,Qtr 4,October,1,1032,Tyne and Wear
1995,Qtr 4,October,1,2342,West Midlands
1995,Qtr 4,October,1,2404,West Yorkshire
1995,Qtr 4,November,1,2925,Greater Manchester
1995,Qtr 4,November,1,1400,Merseyside
1995,Qtr 4,November,1,1319,South Yorkshire
1995,Qtr 4,November,1,1071,Tyne and Wear
1995,Qtr 4,November,1,2571,West Midlands
1995,Qtr 4,November,1,2582,West Yorkshire
1995,Qtr 4,December,1,3329,Greater Manchester
1995,Qtr 4,December,1,1720,Merseyside
1995,Qtr 4,December,1,1456,South Yorkshire
1995,Qtr 4,December,1,1175,Tyne and Wear
1995,Qtr 4,December,1,2725,West Midlands
1995,Qtr 4,December,1,2748,West Yorkshire
1996,Qtr 1,January,1,2156,Greater Manchester
1996,Qtr 1,January,1,1002,Merseyside
1996,Qtr 1,January,1,982,South Yorkshire
1996,Qtr 1,January,1,837,Tyne and Wear
1996,Qtr 1,January,1,1983,West Midlands
1996,Qtr 1,January,1,1849,West Yorkshire
1996,Qtr 1,February,1,2273,Greater Manchester
1996,Qtr 1,February,1,1066,Merseyside
1996,Qtr 1,February,1,976,South Yorkshire
1996,Qtr 1,February,1,869,Tyne and Wear
1996,Qtr 1,February,1,2070,West Midlands
1996,Qtr 1,February,1,2049,West Yorkshire
1996,Qtr 1,March,1,3245,Greater Manchester
1996,Qtr 1,March,1,1505,Merseyside
1996,Qtr 1,March,1,1278,South Yorkshire
1996,Qtr 1,March,1,1176,Tyne and Wear
1996,Qtr 1,March,1,2598,West Midlands
1996,Qtr 1,March,1,2490,West Yorkshire
1996,Qtr 2,April,1,2701,Greater Manchester
1996,Qtr 2,April,1,1235,Merseyside
1996,Qtr 2,April,1,1225,South Yorkshire
1996,Qtr 2,April,1,1060,Tyne and Wear
1996,Qtr 2,April,1,2317,West Midlands
1996,Qtr 2,April,1,2387,West Yorkshire
1996,Qtr 2,May,1,3145,Greater Manchester
1996,Qtr 2,May,1,1638,Merseyside
1996,Qtr 2,May,1,1396,South Yorkshire
1996,Qtr 2,May,1,1368,Tyne and Wear
1996,Qtr 2,May,1,3218,West Midlands
1996,Qtr 2,May,1,2976,West Yorkshire
1996,Qtr 2,June,1,3227,Greater Manchester
1996,Qtr 2,June,1,1648,Merseyside
1996,Qtr 2,June,1,1445,South Yorkshire
1996,Qtr 2,June,1,1301,Tyne and Wear
1996,Qtr 2,June,1,2963,West Midlands
1996,Qtr 2,June,1,2854,West Yorkshire
1996,Qtr 3,July,1,3326,Greater Manchester
1996,Qtr 3,July,1,1729,Merseyside
1996,Qtr 3,July,1,1627,South Yorkshire
1996,Qtr 3,July,1,1388,Tyne and Wear
1996,Qtr 3,July,1,3302,West Midlands
1996,Qtr 3,July,1,3076,West Yorkshire
1996,Qtr 3,August,1,3609,Greater Manchester
1996,Qtr 3,August,1,1841,Merseyside
1996,Qtr 3,August,1,1665,South Yorkshire
1996,Qtr 3,August,1,1558,Tyne and Wear
1996,Qtr 3,August,1,3589,West Midlands
1996,Qtr 3,August,1,3315,West Yorkshire
1996,Qtr 3,September,1,3233,Greater Manchester
1996,Qtr 3,September,1,1533,Merseyside
1996,Qtr 3,September,1,1442,South Yorkshire
1996,Qtr 3,September,1,1370,Tyne and Wear
1996,Qtr 3,September,1,2993,West Midlands
1996,Qtr 3,September,1,2825,West Yorkshire
1996,Qtr 4,October,1,3606,Greater Manchester
1996,Qtr 4,October,1,1795,Merseyside
1996,Qtr 4,October,1,1611,South Yorkshire
1996,Qtr 4,October,1,1445,Tyne and Wear
1996,Qtr 4,October,1,3241,West Midlands
1996,Qtr 4,October,1,3156,West Yorkshire
1996,Qtr 4,November,1,3722,Greater Manchester
1996,Qtr 4,November,1,1832,Merseyside
1996,Qtr 4,November,1,1689,South Yorkshire
1996,Qtr 4,November,1,1595,Tyne and Wear
1996,Qtr 4,November,1,3770,West Midlands
1996,Qtr 4,November,1,3391,West Yorkshire
1996,Qtr 4,December,1,3641,Greater Manchester
1996,Qtr 4,December,1,1792,Merseyside
1996,Qtr 4,December,1,1674,South Yorkshire
1996,Qtr 4,December,1,1338,Tyne and Wear
1996,Qtr 4,December,1,3123,West Midlands
1996,Qtr 4,December,1,3257,West Yorkshire
1997,Qtr 1,January,1,2812,Greater Manchester
1997,Qtr 1,January,1,1217,Merseyside
1997,Qtr 1,January,1,1188,South Yorkshire
1997,Qtr 1,January,1,1059,Tyne and Wear
1997,Qtr 1,January,1,2658,West Midlands
1997,Qtr 1,January,1,2355,West Yorkshire
1997,Qtr 1,February,1,2826,Greater Manchester
1997,Qtr 1,February,1,1339,Merseyside
1997,Qtr 1,February,1,1172,South Yorkshire
1997,Qtr 1,February,1,997,Tyne and Wear
1997,Qtr 1,February,1,2536,West Midlands
1997,Qtr 1,February,1,2336,West Yorkshire
1997,Qtr 1,March,1,3165,Greater Manchester
1997,Qtr 1,March,1,1457,Merseyside
1997,Qtr 1,March,1,1361,South Yorkshire
1997,Qtr 1,March,1,1166,Tyne and Wear
1997,Qtr 1,March,1,2809,West Midlands
1997,Qtr 1,March,1,2704,West Yorkshire
1997,Qtr 2,April,1,3116,Greater Manchester
1997,Qtr 2,April,1,1550,Merseyside
1997,Qtr 2,April,1,1359,South Yorkshire
1997,Qtr 2,April,1,1226,Tyne and Wear
1997,Qtr 2,April,1,2802,West Midlands
1997,Qtr 2,April,1,2709,West Yorkshire
1997,Qtr 2,May,1,3773,Greater Manchester
1997,Qtr 2,May,1,1778,Merseyside
1997,Qtr 2,May,1,1593,South Yorkshire
1997,Qtr 2,May,1,1589,Tyne and Wear
1997,Qtr 2,May,1,3466,West Midlands
1997,Qtr 2,May,1,3327,West Yorkshire
1997,Qtr 2,June,1,3799,Greater Manchester
1997,Qtr 2,June,1,1685,Merseyside
1997,Qtr 2,June,1,1761,South Yorkshire
1997,Qtr 2,June,1,1640,Tyne and Wear
1997,Qtr 2,June,1,3577,West Midlands
1997,Qtr 2,June,1,3415,West Yorkshire
1997,Qtr 3,July,1,3956,Greater Manchester
1997,Qtr 3,July,1,1883,Merseyside
1997,Qtr 3,July,1,1798,South Yorkshire
1997,Qtr 3,July,1,1599,Tyne and Wear
1997,Qtr 3,July,1,3645,West Midlands
1997,Qtr 3,July,1,3716,West Yorkshire
1997,Qtr 3,August,1,3928,Greater Manchester
1997,Qtr 3,August,1,1873,Merseyside
1997,Qtr 3,August,1,1736,South Yorkshire
1997,Qtr 3,August,1,1590,Tyne and Wear
1997,Qtr 3,August,1,3746,West Midlands
1997,Qtr 3,August,1,3488,West Yorkshire
1997,Qtr 3,September,1,3662,Greater Manchester
1997,Qtr 3,September,1,1732,Merseyside
1997,Qtr 3,September,1,1546,South Yorkshire
1997,Qtr 3,September,1,1406,Tyne and Wear
1997,Qtr 3,September,1,3346,West Midlands
1997,Qtr 3,September,1,3216,West Yorkshire
1997,Qtr 4,October,1,4073,Greater Manchester
1997,Qtr 4,October,1,1822,Merseyside
1997,Qtr 4,October,1,1775,South Yorkshire
1997,Qtr 4,October,1,1558,Tyne and Wear
1997,Qtr 4,October,1,3693,West Midlands
1997,Qtr 4,October,1,3546,West Yorkshire
1997,Qtr 4,November,1,3502,Greater Manchester
1997,Qtr 4,November,1,1642,Merseyside
1997,Qtr 4,November,1,1474,South Yorkshire
1997,Qtr 4,November,1,1395,Tyne and Wear
1997,Qtr 4,November,1,3095,West Midlands
1997,Qtr 4,November,1,3044,West Yorkshire
1997,Qtr 4,December,1,3889,Greater Manchester
1997,Qtr 4,December,1,1756,Merseyside
1997,Qtr 4,December,1,1709,South Yorkshire
1997,Qtr 4,December,1,1474,Tyne and Wear
1997,Qtr 4,December,1,3309,West Midlands
1997,Qtr 4,December,1,3311,West Yorkshire
1998,Qtr 1,January,1,2546,Greater Manchester
1998,Qtr 1,January,1,1180,Merseyside
1998,Qtr 1,January,1,1156,South Yorkshire
1998,Qtr 1,January,1,1049,Tyne and Wear
1998,Qtr 1,January,1,2316,West Midlands
1998,Qtr 1,January,1,2135,West Yorkshire
1998,Qtr 1,February,1,2727,Greater Manchester
1998,Qtr 1,February,1,1335,Merseyside
1998,Qtr 1,February,1,1166,South Yorkshire
1998,Qtr 1,February,1,1058,Tyne and Wear
1998,Qtr 1,February,1,2383,West Midlands
1998,Qtr 1,February,1,2214,West Yorkshire
1998,Qtr 1,March,1,3282,Greater Manchester
1998,Qtr 1,March,1,1537,Merseyside
1998,Qtr 1,March,1,1446,South Yorkshire
1998,Qtr 1,March,1,1181,Tyne and Wear
1998,Qtr 1,March,1,2864,West Midlands
1998,Qtr 1,March,1,2828,West Yorkshire
1998,Qtr 2,April,1,3302,Greater Manchester
1998,Qtr 2,April,1,1618,Merseyside
1998,Qtr 2,April,1,1506,South Yorkshire
1998,Qtr 2,April,1,1360,Tyne and Wear
1998,Qtr 2,April,1,2732,West Midlands
1998,Qtr 2,April,1,3037,West Yorkshire
1998,Qtr 2,May,1,3503,Greater Manchester
1998,Qtr 2,May,1,1749,Merseyside
1998,Qtr 2,May,1,1612,South Yorkshire
1998,Qtr 2,May,1,1585,Tyne and Wear
1998,Qtr 2,May,1,3302,West Midlands
1998,Qtr 2,May,1,3183,West Yorkshire
1998,Qtr 2,June,1,3736,Greater Manchester
1998,Qtr 2,June,1,1983,Merseyside
1998,Qtr 2,June,1,1769,South Yorkshire
1998,Qtr 2,June,1,1706,Tyne and Wear
1998,Qtr 2,June,1,3306,West Midlands
1998,Qtr 2,June,1,3324,West Yorkshire
1998,Qtr 3,July,1,4144,Greater Manchester
1998,Qtr 3,July,1,2043,Merseyside
1998,Qtr 3,July,1,1921,South Yorkshire
1998,Qtr 3,July,1,1877,Tyne and Wear
1998,Qtr 3,July,1,4079,West Midlands
1998,Qtr 3,July,1,3981,West Yorkshire
1998,Qtr 3,August,1,3592,Greater Manchester
1998,Qtr 3,August,1,1921,Merseyside
1998,Qtr 3,August,1,1613,South Yorkshire
1998,Qtr 3,August,1,1564,Tyne and Wear
1998,Qtr 3,August,1,3354,West Midlands
1998,Qtr 3,August,1,3262,West Yorkshire
1998,Qtr 3,September,1,3611,Greater Manchester
1998,Qtr 3,September,1,1862,Merseyside
1998,Qtr 3,September,1,1563,South Yorkshire
1998,Qtr 3,September,1,1484,Tyne and Wear
1998,Qtr 3,September,1,3119,West Midlands
1998,Qtr 3,September,1,3110,West Yorkshire
1998,Qtr 4,October,1,3708,Greater Manchester
1998,Qtr 4,October,1,1958,Merseyside
1998,Qtr 4,October,1,1851,South Yorkshire
1998,Qtr 4,October,1,1675,Tyne and Wear
1998,Qtr 4,October,1,3603,West Midlands
1998,Qtr 4,October,1,3402,West Yorkshire
1998,Qtr 4,November,1,3521,Greater Manchester
1998,Qtr 4,November,1,1908,Merseyside
1998,Qtr 4,November,1,1711,South Yorkshire
1998,Qtr 4,November,1,1429,Tyne and Wear
1998,Qtr 4,November,1,3245,West Midlands
1998,Qtr 4,November,1,3098,West Yorkshire
1998,Qtr 4,December,1,3726,Greater Manchester
1998,Qtr 4,December,1,1867,Merseyside
1998,Qtr 4,December,1,1761,South Yorkshire
1998,Qtr 4,December,1,1432,Tyne and Wear
1998,Qtr 4,December,1,3307,West Midlands
1998,Qtr 4,December,1,3345,West Yorkshire
1999,Qtr 1,January,1,2615,Greater Manchester
1999,Qtr 1,January,1,1273,Merseyside
1999,Qtr 1,January,1,1121,South Yorkshire
1999,Qtr 1,January,1,1013,Tyne and Wear
1999,Qtr 1,January,1,2505,West Midlands
1999,Qtr 1,January,1,2090,West Yorkshire
1999,Qtr 1,February,1,2865,Greater Manchester
1999,Qtr 1,February,1,1397,Merseyside
1999,Qtr 1,February,1,1163,South Yorkshire
1999,Qtr 1,February,1,1071,Tyne and Wear
1999,Qtr 1,February,1,2487,West Midlands
1999,Qtr 1,February,1,2276,West Yorkshire
1999,Qtr 1,March,1,3627,Greater Manchester
1999,Qtr 1,March,1,1743,Merseyside
1999,Qtr 1,March,1,1587,South Yorkshire
1999,Qtr 1,March,1,1339,Tyne and Wear
1999,Qtr 1,March,1,3017,West Midlands
1999,Qtr 1,March,1,3197,West Yorkshire
1999,Qtr 2,April,1,3673,Greater Manchester
1999,Qtr 2,April,1,1714,Merseyside
1999,Qtr 2,April,1,1688,South Yorkshire
1999,Qtr 2,April,1,1469,Tyne and Wear
1999,Qtr 2,April,1,3270,West Midlands
1999,Qtr 2,April,1,3408,West Yorkshire
1999,Qtr 2,May,1,3758,Greater Manchester
1999,Qtr 2,May,1,1687,Merseyside
1999,Qtr 2,May,1,1648,South Yorkshire
1999,Qtr 2,May,1,1449,Tyne and Wear
1999,Qtr 2,May,1,3343,West Midlands
1999,Qtr 2,May,1,3475,West Yorkshire
1999,Qtr 2,June,1,4035,Greater Manchester
1999,Qtr 2,June,1,1978,Merseyside
1999,Qtr 2,June,1,1804,South Yorkshire
1999,Qtr 2,June,1,1729,Tyne and Wear
1999,Qtr 2,June,1,3536,West Midlands
1999,Qtr 2,June,1,3875,West Yorkshire
1999,Qtr 3,July,1,4917,Greater Manchester
1999,Qtr 3,July,1,2344,Merseyside
1999,Qtr 3,July,1,2179,South Yorkshire
1999,Qtr 3,July,1,1884,Tyne and Wear
1999,Qtr 3,July,1,4616,West Midlands
1999,Qtr 3,July,1,4340,West Yorkshire
1999,Qtr 3,August,1,4333,Greater Manchester
1999,Qtr 3,August,1,2166,Merseyside
1999,Qtr 3,August,1,1860,South Yorkshire
1999,Qtr 3,August,1,1706,Tyne and Wear
1999,Qtr 3,August,1,3841,West Midlands
1999,Qtr 3,August,1,3845,West Yorkshire
1999,Qtr 3,September,1,3975,Greater Manchester
1999,Qtr 3,September,1,2000,Merseyside
1999,Qtr 3,September,1,1882,South Yorkshire
1999,Qtr 3,September,1,1682,Tyne and Wear
1999,Qtr 3,September,1,3761,West Midlands
1999,Qtr 3,September,1,3582,West Yorkshire
1999,Qtr 4,October,1,4420,Greater Manchester
1999,Qtr 4,October,1,2287,Merseyside
1999,Qtr 4,October,1,2003,South Yorkshire
1999,Qtr 4,October,1,1768,Tyne and Wear
1999,Qtr 4,October,1,4090,West Midlands
1999,Qtr 4,October,1,4021,West Yorkshire
1999,Qtr 4,November,1,4287,Greater Manchester
1999,Qtr 4,November,1,2084,Merseyside
1999,Qtr 4,November,1,1942,South Yorkshire
1999,Qtr 4,November,1,1691,Tyne and Wear
1999,Qtr 4,November,1,4057,West Midlands
1999,Qtr 4,November,1,3835,West Yorkshire
1999,Qtr 4,December,1,4435,Greater Manchester
1999,Qtr 4,December,1,2104,Merseyside
1999,Qtr 4,December,1,1984,South Yorkshire
1999,Qtr 4,December,1,1646,Tyne and Wear
1999,Qtr 4,December,1,3935,West Midlands
1999,Qtr 4,December,1,3842,West Yorkshire
2000,Qtr 1,January,1,2843,Greater Manchester
2000,Qtr 1,January,1,1450,Merseyside
2000,Qtr 1,January,1,1263,South Yorkshire
2000,Qtr 1,January,1,1066,Tyne and Wear
2000,Qtr 1,January,1,2692,West Midlands
2000,Qtr 1,January,1,2423,West Yorkshire
2000,Qtr 1,February,1,3174,Greater Manchester
2000,Qtr 1,February,1,1528,Merseyside
2000,Qtr 1,February,1,1315,South Yorkshire
2000,Qtr 1,February,1,1088,Tyne and Wear
2000,Qtr 1,February,1,3070,West Midlands
2000,Qtr 1,February,1,2644,West Yorkshire
2000,Qtr 1,March,1,4154,Greater Manchester
2000,Qtr 1,March,1,2079,Merseyside
2000,Qtr 1,March,1,1895,South Yorkshire
2000,Qtr 1,March,1,1593,Tyne and Wear
2000,Qtr 1,March,1,3843,West Midlands
2000,Qtr 1,March,1,3658,West Yorkshire
2000,Qtr 2,April,1,3799,Greater Manchester
2000,Qtr 2,April,1,1812,Merseyside
2000,Qtr 2,April,1,1698,South Yorkshire
2000,Qtr 2,April,1,1544,Tyne and Wear
2000,Qtr 2,April,1,3396,West Midlands
2000,Qtr 2,April,1,3275,West Yorkshire
2000,Qtr 2,May,1,4086,Greater Manchester
2000,Qtr 2,May,1,2023,Merseyside
2000,Qtr 2,May,1,1914,South Yorkshire
2000,Qtr 2,May,1,1603,Tyne and Wear
2000,Qtr 2,May,1,3710,West Midlands
2000,Qtr 2,May,1,3485,West Yorkshire
2000,Qtr 2,June,1,4596,Greater Manchester
2000,Qtr 2,June,1,2313,Merseyside
2000,Qtr 2,June,1,2243,South Yorkshire
2000,Qtr 2,June,1,1987,Tyne and Wear
2000,Qtr 2,June,1,4143,West Midlands
2000,Qtr 2,June,1,4215,West Yorkshire
2000,Qtr 3,July,1,4446,Greater Manchester
2000,Qtr 3,July,1,2070,Merseyside
2000,Qtr 3,July,1,1885,South Yorkshire
2000,Qtr 3,July,1,1748,Tyne and Wear
2000,Qtr 3,July,1,4130,West Midlands
2000,Qtr 3,July,1,3668,West Yorkshire
2000,Qtr 3,August,1,4383,Greater Manchester
2000,Qtr 3,August,1,2103,Merseyside
2000,Qtr 3,August,1,2014,South Yorkshire
2000,Qtr 3,August,1,1726,Tyne and Wear
2000,Qtr 3,August,1,3821,West Midlands
2000,Qtr 3,August,1,3808,West Yorkshire
2000,Qtr 3,September,1,4266,Greater Manchester
2000,Qtr 3,September,1,1994,Merseyside
2000,Qtr 3,September,1,1996,South Yorkshire
2000,Qtr 3,September,1,1749,Tyne and Wear
2000,Qtr 3,September,1,3900,West Midlands
2000,Qtr 3,September,1,3703,West Yorkshire
2000,Qtr 4,October,1,4000,Greater Manchester
2000,Qtr 4,October,1,1833,Merseyside
2000,Qtr 4,October,1,1857,South Yorkshire
2000,Qtr 4,October,1,1654,Tyne and Wear
2000,Qtr 4,October,1,3411,West Midlands
2000,Qtr 4,October,1,3527,West Yorkshire
2000,Qtr 4,November,1,3839,Greater Manchester
2000,Qtr 4,November,1,1856,Merseyside
2000,Qtr 4,November,1,1890,South Yorkshire
2000,Qtr 4,November,1,1555,Tyne and Wear
2000,Qtr 4,November,1,3431,West Midlands
2000,Qtr 4,November,1,3506,West Yorkshire
2000,Qtr 4,December,1,4168,Greater Manchester
2000,Qtr 4,December,1,1993,Merseyside
2000,Qtr 4,December,1,2107,South Yorkshire
2000,Qtr 4,December,1,1812,Tyne and Wear
2000,Qtr 4,December,1,3724,West Midlands
2000,Qtr 4,December,1,3727,West Yorkshire
2001,Qtr 1,January,1,2938,Greater Manchester
2001,Qtr 1,January,1,1362,Merseyside
2001,Qtr 1,January,1,1273,South Yorkshire
2001,Qtr 1,January,1,1071,Tyne and Wear
2001,Qtr 1,January,1,2641,West Midlands
2001,Qtr 1,January,1,2477,West Yorkshire
2001,Qtr 1,February,1,3009,Greater Manchester
2001,Qtr 1,February,1,1351,Merseyside
2001,Qtr 1,February,1,1315,South Yorkshire
2001,Qtr 1,February,1,1138,Tyne and Wear
2001,Qtr 1,February,1,2813,West Midlands
2001,Qtr 1,February,1,2608,West Yorkshire
2001,Qtr 1,March,1,4073,Greater Manchester
2001,Qtr 1,March,1,1827,Merseyside
2001,Qtr 1,March,1,1892,South Yorkshire
2001,Qtr 1,March,1,1579,Tyne and Wear
2001,Qtr 1,March,1,3525,West Midlands
2001,Qtr 1,March,1,3676,West Yorkshire
2001,Qtr 2,April,1,3908,Greater Manchester
2001,Qtr 2,April,1,1719,Merseyside
2001,Qtr 2,April,1,1805,South Yorkshire
2001,Qtr 2,April,1,1589,Tyne and Wear
2001,Qtr 2,April,1,3265,West Midlands
2001,Qtr 2,April,1,3417,West Yorkshire
2001,Qtr 2,May,1,4274,Greater Manchester
2001,Qtr 2,May,1,1928,Merseyside
2001,Qtr 2,May,1,2092,South Yorkshire
2001,Qtr 2,May,1,1744,Tyne and Wear
2001,Qtr 2,May,1,3924,West Midlands
2001,Qtr 2,May,1,3855,West Yorkshire
2001,Qtr 2,June,1,4739,Greater Manchester
2001,Qtr 2,June,1,2223,Merseyside
2001,Qtr 2,June,1,2526,South Yorkshire
2001,Qtr 2,June,1,2015,Tyne and Wear
2001,Qtr 2,June,1,4576,West Midlands
2001,Qtr 2,June,1,4455,West Yorkshire
2001,Qtr 3,July,1,4918,Greater Manchester
2001,Qtr 3,July,1,2244,Merseyside
2001,Qtr 3,July,1,2281,South Yorkshire
2001,Qtr 3,July,1,1991,Tyne and Wear
2001,Qtr 3,July,1,4468,West Midlands
2001,Qtr 3,July,1,4354,West Yorkshire
2001,Qtr 3,August,1,5528,Greater Manchester
2001,Qtr 3,August,1,2455,Merseyside
2001,Qtr 3,August,1,2545,South Yorkshire
2001,Qtr 3,August,1,2169,Tyne and Wear
2001,Qtr 3,August,1,4847,West Midlands
2001,Qtr 3,August,1,4882,West Yorkshire
2001,Qtr 3,September,1,4240,Greater Manchester
2001,Qtr 3,September,1,2071,Merseyside
2001,Qtr 3,September,1,2154,South Yorkshire
2001,Qtr 3,September,1,1678,Tyne and Wear
2001,Qtr 3,September,1,3908,West Midlands
2001,Qtr 3,September,1,3891,West Yorkshire
2001,Qtr 4,October,1,4773,Greater Manchester
2001,Qtr 4,October,1,2217,Merseyside
2001,Qtr 4,October,1,2265,South Yorkshire
2001,Qtr 4,October,1,1840,Tyne and Wear
2001,Qtr 4,October,1,4382,West Midlands
2001,Qtr 4,October,1,4373,West Yorkshire
2001,Qtr 4,November,1,5163,Greater Manchester
2001,Qtr 4,November,1,2381,Merseyside
2001,Qtr 4,November,1,2577,South Yorkshire
2001,Qtr 4,November,1,2162,Tyne and Wear
2001,Qtr 4,November,1,4440,West Midlands
2001,Qtr 4,November,1,4695,West Yorkshire
2001,Qtr 4,December,1,4285,Greater Manchester
2001,Qtr 4,December,1,2047,Merseyside
2001,Qtr 4,December,1,2272,South Yorkshire
2001,Qtr 4,December,1,1751,Tyne and Wear
2001,Qtr 4,December,1,3915,West Midlands
2001,Qtr 4,December,1,3923,West Yorkshire
2002,Qtr 1,January,1,3299,Greater Manchester
2002,Qtr 1,January,1,1527,Merseyside
2002,Qtr 1,January,1,1586,South Yorkshire
2002,Qtr 1,January,1,1277,Tyne and Wear
2002,Qtr 1,January,1,3047,West Midlands
2002,Qtr 1,January,1,3099,West Yorkshire
2002,Qtr 1,February,1,3859,Greater Manchester
2002,Qtr 1,February,1,1689,Merseyside
2002,Qtr 1,February,1,1681,South Yorkshire
2002,Qtr 1,February,1,1329,Tyne and Wear
2002,Qtr 1,February,1,3330,West Midlands
2002,Qtr 1,February,1,3280,West Yorkshire
2002,Qtr 1,March,1,4731,Greater Manchester
2002,Qtr 1,March,1,2185,Merseyside
2002,Qtr 1,March,1,2399,South Yorkshire
2002,Qtr 1,March,1,1840,Tyne and Wear
2002,Qtr 1,March,1,4183,West Midlands
2002,Qtr 1,March,1,4389,West Yorkshire
2002,Qtr 2,April,1,4452,Greater Manchester
2002,Qtr 2,April,1,1955,Merseyside
2002,Qtr 2,April,1,2053,South Yorkshire
2002,Qtr 2,April,1,1791,Tyne and Wear
2002,Qtr 2,April,1,3818,West Midlands
2002,Qtr 2,April,1,4037,West Yorkshire
2002,Qtr 2,May,1,6250,Greater Manchester
2002,Qtr 2,May,1,2793,Merseyside
2002,Qtr 2,May,1,2870,South Yorkshire
2002,Qtr 2,May,1,2454,Tyne and Wear
2002,Qtr 2,May,1,5182,West Midlands
2002,Qtr 2,May,1,5335,West Yorkshire
2002,Qtr 2,June,1,4736,Greater Manchester
2002,Qtr 2,June,1,2199,Merseyside
2002,Qtr 2,June,1,2284,South Yorkshire
2002,Qtr 2,June,1,1847,Tyne and Wear
2002,Qtr 2,June,1,4068,West Midlands
2002,Qtr 2,June,1,4014,West Yorkshire
2002,Qtr 3,July,1,5821,Greater Manchester
2002,Qtr 3,July,1,2569,Merseyside
2002,Qtr 3,July,1,2443,South Yorkshire
2002,Qtr 3,July,1,2231,Tyne and Wear
2002,Qtr 3,July,1,5143,West Midlands
2002,Qtr 3,July,1,5128,West Yorkshire
2002,Qtr 3,August,1,6047,Greater Manchester
2002,Qtr 3,August,1,2774,Merseyside
2002,Qtr 3,August,1,2561,South Yorkshire
2002,Qtr 3,August,1,2269,Tyne and Wear
2002,Qtr 3,August,1,5082,West Midlands
2002,Qtr 3,August,1,5114,West Yorkshire
2002,Qtr 3,September,1,5102,Greater Manchester
2002,Qtr 3,September,1,2136,Merseyside
2002,Qtr 3,September,1,2249,South Yorkshire
2002,Qtr 3,September,1,1878,Tyne and Wear
2002,Qtr 3,September,1,4248,West Midlands
2002,Qtr 3,September,1,4322,West Yorkshire
2002,Qtr 4,October,1,5280,Greater Manchester
2002,Qtr 4,October,1,2308,Merseyside
2002,Qtr 4,October,1,2324,South Yorkshire
2002,Qtr 4,October,1,1980,Tyne and Wear
2002,Qtr 4,October,1,4357,West Midlands
2002,Qtr 4,October,1,4398,West Yorkshire
2002,Qtr 4,November,1,5787,Greater Manchester
2002,Qtr 4,November,1,2722,Merseyside
2002,Qtr 4,November,1,2640,South Yorkshire
2002,Qtr 4,November,1,2294,Tyne and Wear
2002,Qtr 4,November,1,4672,West Midlands
2002,Qtr 4,November,1,4909,West Yorkshire
2002,Qtr 4,December,1,5181,Greater Manchester
2002,Qtr 4,December,1,2321,Merseyside
2002,Qtr 4,December,1,2282,South Yorkshire
2002,Qtr 4,December,1,2045,Tyne and Wear
2002,Qtr 4,December,1,4166,West Midlands
2002,Qtr 4,December,1,4367,West Yorkshire
2003,Qtr 1,January,1,4030,Greater Manchester
2003,Qtr 1,January,1,1783,Merseyside
2003,Qtr 1,January,1,1734,South Yorkshire
2003,Qtr 1,January,1,1569,Tyne and Wear
2003,Qtr 1,January,1,3311,West Midlands
2003,Qtr 1,January,1,3288,West Yorkshire
2003,Qtr 1,February,1,4055,Greater Manchester
2003,Qtr 1,February,1,1821,Merseyside
2003,Qtr 1,February,1,1888,South Yorkshire
2003,Qtr 1,February,1,1516,Tyne and Wear
2003,Qtr 1,February,1,3277,West Midlands
2003,Qtr 1,February,1,3121,West Yorkshire
2003,Qtr 1,March,1,4321,Greater Manchester
2003,Qtr 1,March,1,2089,Merseyside
2003,Qtr 1,March,1,1974,South Yorkshire
2003,Qtr 1,March,1,1761,Tyne and Wear
2003,Qtr 1,March,1,3295,West Midlands
2003,Qtr 1,March,1,3619,West Yorkshire
2003,Qtr 2,April,1,4495,Greater Manchester
2003,Qtr 2,April,1,2226,Merseyside
2003,Qtr 2,April,1,1937,South Yorkshire
2003,Qtr 2,April,1,1691,Tyne and Wear
2003,Qtr 2,April,1,3456,West Midlands
2003,Qtr 2,April,1,3753,West Yorkshire
2003,Qtr 2,May,1,5146,Greater Manchester
2003,Qtr 2,May,1,2332,Merseyside
2003,Qtr 2,May,1,2273,South Yorkshire
2003,Qtr 2,May,1,2102,Tyne and Wear
2003,Qtr 2,May,1,3827,West Midlands
2003,Qtr 2,May,1,4292,West Yorkshire
2003,Qtr 2,June,1,4838,Greater Manchester
2003,Qtr 2,June,1,2477,Merseyside
2003,Qtr 2,June,1,2419,South Yorkshire
2003,Qtr 2,June,1,2086,Tyne and Wear
2003,Qtr 2,June,1,4152,West Midlands
2003,Qtr 2,June,1,4424,West Yorkshire
2003,Qtr 3,July,1,5198,Greater Manchester
2003,Qtr 3,July,1,2546,Merseyside
2003,Qtr 3,July,1,2553,South Yorkshire
2003,Qtr 3,July,1,2186,Tyne and Wear
2003,Qtr 3,July,1,4299,West Midlands
2003,Qtr 3,July,1,4678,West Yorkshire
2003,Qtr 3,August,1,5656,Greater Manchester
2003,Qtr 3,August,1,2713,Merseyside
2003,Qtr 3,August,1,2671,South Yorkshire
2003,Qtr 3,August,1,2338,Tyne and Wear
2003,Qtr 3,August,1,4565,West Midlands
2003,Qtr 3,August,1,4967,West Yorkshire
2003,Qtr 3,September,1,5355,Greater Manchester
2003,Qtr 3,September,1,2639,Merseyside
2003,Qtr 3,September,1,2566,South Yorkshire
2003,Qtr 3,September,1,2157,Tyne and Wear
2003,Qtr 3,September,1,4420,West Midlands
2003,Qtr 3,September,1,4602,West Yorkshire
2003,Qtr 4,October,1,6091,Greater Manchester
2003,Qtr 4,October,1,3176,Merseyside
2003,Qtr 4,October,1,2736,South Yorkshire
2003,Qtr 4,October,1,2581,Tyne and Wear
2003,Qtr 4,October,1,5125,West Midlands
2003,Qtr 4,October,1,5028,West Yorkshire
2003,Qtr 4,November,1,5713,Greater Manchester
2003,Qtr 4,November,1,2937,Merseyside
2003,Qtr 4,November,1,2570,South Yorkshire
2003,Qtr 4,November,1,2249,Tyne and Wear
2003,Qtr 4,November,1,4623,West Midlands
2003,Qtr 4,November,1,4845,West Yorkshire
2003,Qtr 4,December,1,6046,Greater Manchester
2003,Qtr 4,December,1,2842,Merseyside
2003,Qtr 4,December,1,2663,South Yorkshire
2003,Qtr 4,December,1,2443,Tyne and Wear
2003,Qtr 4,December,1,4704,West Midlands
2003,Qtr 4,December,1,5337,West Yorkshire
2004,Qtr 1,January,1,4294,Greater Manchester
2004,Qtr 1,January,1,2002,Merseyside
2004,Qtr 1,January,1,1895,South Yorkshire
2004,Qtr 1,January,1,1596,Tyne and Wear
2004,Qtr 1,January,1,3598,West Midlands
2004,Qtr 1,January,1,3706,West Yorkshire
2004,Qtr 1,February,1,4422,Greater Manchester
2004,Qtr 1,February,1,2123,Merseyside
2004,Qtr 1,February,1,1943,South Yorkshire
2004,Qtr 1,February,1,1590,Tyne and Wear
2004,Qtr 1,February,1,3709,West Midlands
2004,Qtr 1,February,1,3591,West Yorkshire
2004,Qtr 1,March,1,5277,Greater Manchester
2004,Qtr 1,March,1,2595,Merseyside
2004,Qtr 1,March,1,2237,South Yorkshire
2004,Qtr 1,March,1,1949,Tyne and Wear
2004,Qtr 1,March,1,4252,West Midlands
2004,Qtr 1,March,1,4415,West Yorkshire
2004,Qtr 2,April,1,6040,Greater Manchester
2004,Qtr 2,April,1,2720,Merseyside
2004,Qtr 2,April,1,2443,South Yorkshire
2004,Qtr 2,April,1,2398,Tyne and Wear
2004,Qtr 2,April,1,4475,West Midlands
2004,Qtr 2,April,1,4921,West Yorkshire
2004,Qtr 2,May,1,5154,Greater Manchester
2004,Qtr 2,May,1,2454,Merseyside
2004,Qtr 2,May,1,2320,South Yorkshire
2004,Qtr 2,May,1,2145,Tyne and Wear
2004,Qtr 2,May,1,4188,West Midlands
2004,Qtr 2,May,1,4678,West Yorkshire
2004,Qtr 2,June,1,6054,Greater Manchester
2004,Qtr 2,June,1,2866,Merseyside
2004,Qtr 2,June,1,2656,South Yorkshire
2004,Qtr 2,June,1,2563,Tyne and Wear
2004,Qtr 2,June,1,4662,West Midlands
2004,Qtr 2,June,1,5153,West Yorkshire
2004,Qtr 3,July,1,6332,Greater Manchester
2004,Qtr 3,July,1,3169,Merseyside
2004,Qtr 3,July,1,2734,South Yorkshire
2004,Qtr 3,July,1,2565,Tyne and Wear
2004,Qtr 3,July,1,5280,West Midlands
2004,Qtr 3,July,1,5573,West Yorkshire
2004,Qtr 3,August,1,5640,Greater Manchester
2004,Qtr 3,August,1,2489,Merseyside
2004,Qtr 3,August,1,2256,South Yorkshire
2004,Qtr 3,August,1,2217,Tyne and Wear
2004,Qtr 3,August,1,4449,West Midlands
2004,Qtr 3,August,1,4412,West Yorkshire
2004,Qtr 3,September,1,4818,Greater Manchester
2004,Qtr 3,September,1,2220,Merseyside
2004,Qtr 3,September,1,2091,South Yorkshire
2004,Qtr 3,September,1,1936,Tyne and Wear
2004,Qtr 3,September,1,3975,West Midlands
2004,Qtr 3,September,1,4144,West Yorkshire
2004,Qtr 4,October,1,4634,Greater Manchester
2004,Qtr 4,October,1,2412,Merseyside
2004,Qtr 4,October,1,2196,South Yorkshire
2004,Qtr 4,October,1,1963,Tyne and Wear
2004,Qtr 4,October,1,3995,West Midlands
2004,Qtr 4,October,1,4092,West Yorkshire
2004,Qtr 4,November,1,4345,Greater Manchester
2004,Qtr 4,November,1,1971,Merseyside
2004,Qtr 4,November,1,1960,South Yorkshire
2004,Qtr 4,November,1,1651,Tyne and Wear
2004,Qtr 4,November,1,3488,West Midlands
2004,Qtr 4,November,1,3500,West Yorkshire
2004,Qtr 4,December,1,4262,Greater Manchester
2004,Qtr 4,December,1,1935,Merseyside
2004,Qtr 4,December,1,2147,South Yorkshire
2004,Qtr 4,December,1,1735,Tyne and Wear
2004,Qtr 4,December,1,3569,West Midlands
2004,Qtr 4,December,1,3826,West Yorkshire
2005,Qtr 1,January,1,2919,Greater Manchester
2005,Qtr 1,January,1,1279,Merseyside
2005,Qtr 1,January,1,1444,South Yorkshire
2005,Qtr 1,January,1,1099,Tyne and Wear
2005,Qtr 1,January,1,2290,West Midlands
2005,Qtr 1,January,1,2239,West Yorkshire
2005,Qtr 1,February,1,2965,Greater Manchester
2005,Qtr 1,February,1,1364,Merseyside
2005,Qtr 1,February,1,1400,South Yorkshire
2005,Qtr 1,February,1,1172,Tyne and Wear
2005,Qtr 1,February,1,2561,West Midlands
2005,Qtr 1,February,1,2540,West Yorkshire
2005,Qtr 1,March,1,3593,Greater Manchester
2005,Qtr 1,March,1,1455,Merseyside
2005,Qtr 1,March,1,1598,South Yorkshire
2005,Qtr 1,March,1,1399,Tyne and Wear
2005,Qtr 1,March,1,2913,West Midlands
2005,Qtr 1,March,1,3080,West Yorkshire
2005,Qtr 2,April,1,4105,Greater Manchester
2005,Qtr 2,April,1,1760,Merseyside
2005,Qtr 2,April,1,1871,South Yorkshire
2005,Qtr 2,April,1,1709,Tyne and Wear
2005,Qtr 2,April,1,3464,West Midlands
2005,Qtr 2,April,1,3505,West Yorkshire
2005,Qtr 2,May,1,3980,Greater Manchester
2005,Qtr 2,May,1,1771,Merseyside
2005,Qtr 2,May,1,1929,South Yorkshire
2005,Qtr 2,May,1,1869,Tyne and Wear
2005,Qtr 2,May,1,3330,West Midlands
2005,Qtr 2,May,1,3665,West Yorkshire
2005,Qtr 2,June,1,4622,Greater Manchester
2005,Qtr 2,June,1,1925,Merseyside
2005,Qtr 2,June,1,2372,South Yorkshire
2005,Qtr 2,June,1,1970,Tyne and Wear
2005,Qtr 2,June,1,3953,West Midlands
2005,Qtr 2,June,1,4099,West Yorkshire
2005,Qtr 3,July,1,4601,Greater Manchester
2005,Qtr 3,July,1,2083,Merseyside
2005,Qtr 3,July,1,2398,South Yorkshire
2005,Qtr 3,July,1,2119,Tyne and Wear
2005,Qtr 3,July,1,4171,West Midlands
2005,Qtr 3,July,1,4323,West Yorkshire
2005,Qtr 3,August,1,4380,Greater Manchester
2005,Qtr 3,August,1,1913,Merseyside
2005,Qtr 3,August,1,2097,South Yorkshire
2005,Qtr 3,August,1,1916,Tyne and Wear
2005,Qtr 3,August,1,4008,West Midlands
2005,Qtr 3,August,1,4016,West Yorkshire
2005,Qtr 3,September,1,4783,Greater Manchester
2005,Qtr 3,September,1,2024,Merseyside
2005,Qtr 3,September,1,2229,South Yorkshire
2005,Qtr 3,September,1,1938,Tyne and Wear
2005,Qtr 3,September,1,4050,West Midlands
2005,Qtr 3,September,1,4174,West Yorkshire
2005,Qtr 4,October,1,4057,Greater Manchester
2005,Qtr 4,October,1,1882,Merseyside
2005,Qtr 4,October,1,2002,South Yorkshire
2005,Qtr 4,October,1,1820,Tyne and Wear
2005,Qtr 4,October,1,3656,West Midlands
2005,Qtr 4,October,1,3949,West Yorkshire
2005,Qtr 4,November,1,4205,Greater Manchester
2005,Qtr 4,November,1,1941,Merseyside
2005,Qtr 4,November,1,1975,South Yorkshire
2005,Qtr 4,November,1,1807,Tyne and Wear
2005,Qtr 4,November,1,3863,West Midlands
2005,Qtr 4,November,1,3945,West Yorkshire
2005,Qtr 4,December,1,5158,Greater Manchester
2005,Qtr 4,December,1,2045,Merseyside
2005,Qtr 4,December,1,2355,South Yorkshire
2005,Qtr 4,December,1,2076,Tyne and Wear
2005,Qtr 4,December,1,4193,West Midlands
2005,Qtr 4,December,1,4371,West Yorkshire
2006,Qtr 1,January,1,3539,Greater Manchester
2006,Qtr 1,January,1,1448,Merseyside
2006,Qtr 1,January,1,1586,South Yorkshire
2006,Qtr 1,January,1,1349,Tyne and Wear
2006,Qtr 1,January,1,3097,West Midlands
2006,Qtr 1,January,1,3308,West Yorkshire
2006,Qtr 1,February,1,3781,Greater Manchester
2006,Qtr 1,February,1,1623,Merseyside
2006,Qtr 1,February,1,1658,South Yorkshire
2006,Qtr 1,February,1,1496,Tyne and Wear
2006,Qtr 1,February,1,3307,West Midlands
2006,Qtr 1,February,1,3251,West Yorkshire
2006,Qtr 1,March,1,5147,Greater Manchester
2006,Qtr 1,March,1,2164,Merseyside
2006,Qtr 1,March,1,2149,South Yorkshire
2006,Qtr 1,March,1,2133,Tyne and Wear
2006,Qtr 1,March,1,4104,West Midlands
2006,Qtr 1,March,1,4340,West Yorkshire
2006,Qtr 2,April,1,4442,Greater Manchester
2006,Qtr 2,April,1,1835,Merseyside
2006,Qtr 2,April,1,2092,South Yorkshire
2006,Qtr 2,April,1,1843,Tyne and Wear
2006,Qtr 2,April,1,3597,West Midlands
2006,Qtr 2,April,1,4042,West Yorkshire
2006,Qtr 2,May,1,4978,Greater Manchester
2006,Qtr 2,May,1,2120,Merseyside
2006,Qtr 2,May,1,2104,South Yorkshire
2006,Qtr 2,May,1,1968,Tyne and Wear
2006,Qtr 2,May,1,4191,West Midlands
2006,Qtr 2,May,1,4463,West Yorkshire
2006,Qtr 2,June,1,6054,Greater Manchester
2006,Qtr 2,June,1,2595,Merseyside
2006,Qtr 2,June,1,2673,South Yorkshire
2006,Qtr 2,June,1,2339,Tyne and Wear
2006,Qtr 2,June,1,5069,West Midlands
2006,Qtr 2,June,1,5289,West Yorkshire
2006,Qtr 3,July,1,5178,Greater Manchester
2006,Qtr 3,July,1,2288,Merseyside
2006,Qtr 3,July,1,2452,South Yorkshire
2006,Qtr 3,July,1,2318,Tyne and Wear
2006,Qtr 3,July,1,4322,West Midlands
2006,Qtr 3,July,1,4985,West Yorkshire
2006,Qtr 3,August,1,5376,Greater Manchester
2006,Qtr 3,August,1,2475,Merseyside
2006,Qtr 3,August,1,2417,South Yorkshire
2006,Qtr 3,August,1,2120,Tyne and Wear
2006,Qtr 3,August,1,4715,West Midlands
2006,Qtr 3,August,1,4854,West Yorkshire
2006,Qtr 3,September,1,5474,Greater Manchester
2006,Qtr 3,September,1,2336,Merseyside
2006,Qtr 3,September,1,2391,South Yorkshire
2006,Qtr 3,September,1,2214,Tyne and Wear
2006,Qtr 3,September,1,4657,West Midlands
2006,Qtr 3,September,1,4875,West Yorkshire
2006,Qtr 4,October,1,5246,Greater Manchester
2006,Qtr 4,October,1,2373,Merseyside
2006,Qtr 4,October,1,2448,South Yorkshire
2006,Qtr 4,October,1,2005,Tyne and Wear
2006,Qtr 4,October,1,4465,West Midlands
2006,Qtr 4,October,1,4837,West Yorkshire
2006,Qtr 4,November,1,5657,Greater Manchester
2006,Qtr 4,November,1,2533,Merseyside
2006,Qtr 4,November,1,2474,South Yorkshire
2006,Qtr 4,November,1,2005,Tyne and Wear
2006,Qtr 4,November,1,4652,West Midlands
2006,Qtr 4,November,1,5048,West Yorkshire
2006,Qtr 4,December,1,6137,Greater Manchester
2006,Qtr 4,December,1,2568,Merseyside
2006,Qtr 4,December,1,2530,South Yorkshire
2006,Qtr 4,December,1,2296,Tyne and Wear
2006,Qtr 4,December,1,5102,West Midlands
2006,Qtr 4,December,1,5230,West Yorkshire
2007,Qtr 1,January,1,4142,Greater Manchester
2007,Qtr 1,January,1,1828,Merseyside
2007,Qtr 1,January,1,1853,South Yorkshire
2007,Qtr 1,January,1,1660,Tyne and Wear
2007,Qtr 1,January,1,3594,West Midlands
2007,Qtr 1,January,1,3668,West Yorkshire
2007,Qtr 1,February,1,4450,Greater Manchester
2007,Qtr 1,February,1,1964,Merseyside
2007,Qtr 1,February,1,1870,South Yorkshire
2007,Qtr 1,February,1,1552,Tyne and Wear
2007,Qtr 1,February,1,3605,West Midlands
2007,Qtr 1,February,1,3779,West Yorkshire
2007,Qtr 1,March,1,5350,Greater Manchester
2007,Qtr 1,March,1,2324,Merseyside
2007,Qtr 1,March,1,2334,South Yorkshire
2007,Qtr 1,March,1,2119,Tyne and Wear
2007,Qtr 1,March,1,4547,West Midlands
2007,Qtr 1,March,1,4655,West Yorkshire
2007,Qtr 2,April,1,4647,Greater Manchester
2007,Qtr 2,April,1,2229,Merseyside
2007,Qtr 2,April,1,2093,South Yorkshire
2007,Qtr 2,April,1,1888,Tyne and Wear
2007,Qtr 2,April,1,3811,West Midlands
2007,Qtr 2,April,1,4046,West Yorkshire
2007,Qtr 2,May,1,5085,Greater Manchester
2007,Qtr 2,May,1,2335,Merseyside
2007,Qtr 2,May,1,2377,South Yorkshire
2007,Qtr 2,May,1,2234,Tyne and Wear
2007,Qtr 2,May,1,4098,West Midlands
2007,Qtr 2,May,1,4449,West Yorkshire
2007,Qtr 2,June,1,6117,Greater Manchester
2007,Qtr 2,June,1,2606,Merseyside
2007,Qtr 2,June,1,2699,South Yorkshire
2007,Qtr 2,June,1,2622,Tyne and Wear
2007,Qtr 2,June,1,5163,West Midlands
2007,Qtr 2,June,1,5321,West Yorkshire
2007,Qtr 3,July,1,5591,Greater Manchester
2007,Qtr 3,July,1,2567,Merseyside
2007,Qtr 3,July,1,2611,South Yorkshire
2007,Qtr 3,July,1,2370,Tyne and Wear
2007,Qtr 3,July,1,4647,West Midlands
2007,Qtr 3,July,1,4989,West Yorkshire
2007,Qtr 3,August,1,5982,Greater Manchester
2007,Qtr 3,August,1,2595,Merseyside
2007,Qtr 3,August,1,2666,South Yorkshire
2007,Qtr 3,August,1,2466,Tyne and Wear
2007,Qtr 3,August,1,4769,West Midlands
2007,Qtr 3,August,1,5008,West Yorkshire
2007,Qtr 3,September,1,5118,Greater Manchester
2007,Qtr 3,September,1,2037,Merseyside
2007,Qtr 3,September,1,2107,South Yorkshire
2007,Qtr 3,September,1,1895,Tyne and Wear
2007,Qtr 3,September,1,4075,West Midlands
2007,Qtr 3,September,1,3928,West Yorkshire
2007,Qtr 4,October,1,5013,Greater Manchester
2007,Qtr 4,October,1,2165,Merseyside
2007,Qtr 4,October,1,2312,South Yorkshire
2007,Qtr 4,October,1,1963,Tyne and Wear
2007,Qtr 4,October,1,4140,West Midlands
2007,Qtr 4,October,1,4278,West Yorkshire
2007,Qtr 4,November,1,5159,Greater Manchester
2007,Qtr 4,November,1,2180,Merseyside
2007,Qtr 4,November,1,2242,South Yorkshire
2007,Qtr 4,November,1,2157,Tyne and Wear
2007,Qtr 4,November,1,4312,West Midlands
2007,Qtr 4,November,1,4217,West Yorkshire
2007,Qtr 4,December,1,4259,Greater Manchester
2007,Qtr 4,December,1,1790,Merseyside
2007,Qtr 4,December,1,1943,South Yorkshire
2007,Qtr 4,December,1,1583,Tyne and Wear
2007,Qtr 4,December,1,3469,West Midlands
2007,Qtr 4,December,1,3481,West Yorkshire
2008,Qtr 1,January,1,2901,Greater Manchester
2008,Qtr 1,January,1,1381,Merseyside
2008,Qtr 1,January,1,1440,South Yorkshire
2008,Qtr 1,January,1,1185,Tyne and Wear
2008,Qtr 1,January,1,2562,West Midlands
2008,Qtr 1,January,1,2425,West Yorkshire
2008,Qtr 1,February,1,3192,Greater Manchester
2008,Qtr 1,February,1,1419,Merseyside
2008,Qtr 1,February,1,1546,South Yorkshire
2008,Qtr 1,February,1,1174,Tyne and Wear
2008,Qtr 1,February,1,2731,West Midlands
2008,Qtr 1,February,1,2622,West Yorkshire
2008,Qtr 1,March,1,2979,Greater Manchester
2008,Qtr 1,March,1,1485,Merseyside
2008,Qtr 1,March,1,1382,South Yorkshire
2008,Qtr 1,March,1,1119,Tyne and Wear
2008,Qtr 1,March,1,2531,West Midlands
2008,Qtr 1,March,1,2251,West Yorkshire
2008,Qtr 2,April,1,3148,Greater Manchester
2008,Qtr 2,April,1,1423,Merseyside
2008,Qtr 2,April,1,1490,South Yorkshire
2008,Qtr 2,April,1,1213,Tyne and Wear
2008,Qtr 2,April,1,2762,West Midlands
2008,Qtr 2,April,1,2496,West Yorkshire
2008,Qtr 2,May,1,2976,Greater Manchester
2008,Qtr 2,May,1,1495,Merseyside
2008,Qtr 2,May,1,1725,South Yorkshire
2008,Qtr 2,May,1,1244,Tyne and Wear
2008,Qtr 2,May,1,2776,West Midlands
2008,Qtr 2,May,1,2650,West Yorkshire
2008,Qtr 2,June,1,2632,Greater Manchester
2008,Qtr 2,June,1,1154,Merseyside
2008,Qtr 2,June,1,1444,South Yorkshire
2008,Qtr 2,June,1,1044,Tyne and Wear
2008,Qtr 2,June,1,2754,West Midlands
2008,Qtr 2,June,1,2506,West Yorkshire
2008,Qtr 3,July,1,2588,Greater Manchester
2008,Qtr 3,July,1,1194,Merseyside
2008,Qtr 3,July,1,1224,South Yorkshire
2008,Qtr 3,July,1,972,Tyne and Wear
2008,Qtr 3,July,1,2207,West Midlands
2008,Qtr 3,July,1,2238,West Yorkshire
2008,Qtr 3,August,1,2112,Greater Manchester
2008,Qtr 3,August,1,1038,Merseyside
2008,Qtr 3,August,1,1096,South Yorkshire
2008,Qtr 3,August,1,838,Tyne and Wear
2008,Qtr 3,August,1,1981,West Midlands
2008,Qtr 3,August,1,1978,West Yorkshire
2008,Qtr 3,September,1,1934,Greater Manchester
2008,Qtr 3,September,1,897,Merseyside
2008,Qtr 3,September,1,1019,South Yorkshire
2008,Qtr 3,September,1,771,Tyne and Wear
2008,Qtr 3,September,1,1692,West Midlands
2008,Qtr 3,September,1,1668,West Yorkshire
2008,Qtr 4,October,1,1991,Greater Manchester
2008,Qtr 4,October,1,902,Merseyside
2008,Qtr 4,October,1,1063,South Yorkshire
2008,Qtr 4,October,1,727,Tyne and Wear
2008,Qtr 4,October,1,1952,West Midlands
2008,Qtr 4,October,1,1842,West Yorkshire
2008,Qtr 4,November,1,1720,Greater Manchester
2008,Qtr 4,November,1,653,Merseyside
2008,Qtr 4,November,1,866,South Yorkshire
2008,Qtr 4,November,1,645,Tyne and Wear
2008,Qtr 4,November,1,1489,West Midlands
2008,Qtr 4,November,1,1484,West Yorkshire
2008,Qtr 4,December,1,1864,Greater Manchester
2008,Qtr 4,December,1,764,Merseyside
2008,Qtr 4,December,1,887,South Yorkshire
2008,Qtr 4,December,1,689,Tyne and Wear
2008,Qtr 4,December,1,1591,West Midlands
2008,Qtr 4,December,1,1603,West Yorkshire
2009,Qtr 1,January,1,1155,Greater Manchester
2009,Qtr 1,January,1,544,Merseyside
2009,Qtr 1,January,1,566,South Yorkshire
2009,Qtr 1,January,1,458,Tyne and Wear
2009,Qtr 1,January,1,1102,West Midlands
2009,Qtr 1,January,1,1027,West Yorkshire
2009,Qtr 1,February,1,1169,Greater Manchester
2009,Qtr 1,February,1,559,Merseyside
2009,Qtr 1,February,1,612,South Yorkshire
2009,Qtr 1,February,1,486,Tyne and Wear
2009,Qtr 1,February,1,1153,West Midlands
2009,Qtr 1,February,1,1106,West Yorkshire
2009,Qtr 1,March,1,1600,Greater Manchester
2009,Qtr 1,March,1,690,Merseyside
2009,Qtr 1,March,1,823,South Yorkshire
2009,Qtr 1,March,1,664,Tyne and Wear
2009,Qtr 1,March,1,1487,West Midlands
2009,Qtr 1,March,1,1403,West Yorkshire
2009,Qtr 2,April,1,1561,Greater Manchester
2009,Qtr 2,April,1,713,Merseyside
2009,Qtr 2,April,1,801,South Yorkshire
2009,Qtr 2,April,1,701,Tyne and Wear
2009,Qtr 2,April,1,1452,West Midlands
2009,Qtr 2,April,1,1538,West Yorkshire
2009,Qtr 2,May,1,1797,Greater Manchester
2009,Qtr 2,May,1,726,Merseyside
2009,Qtr 2,May,1,919,South Yorkshire
2009,Qtr 2,May,1,842,Tyne and Wear
2009,Qtr 2,May,1,1622,West Midlands
2009,Qtr 2,May,1,1671,West Yorkshire
2009,Qtr 2,June,1,2168,Greater Manchester
2009,Qtr 2,June,1,882,Merseyside
2009,Qtr 2,June,1,1062,South Yorkshire
2009,Qtr 2,June,1,895,Tyne and Wear
2009,Qtr 2,June,1,1912,West Midlands
2009,Qtr 2,June,1,1965,West Yorkshire
2009,Qtr 3,July,1,2510,Greater Manchester
2009,Qtr 3,July,1,1051,Merseyside
2009,Qtr 3,July,1,1159,South Yorkshire
2009,Qtr 3,July,1,934,Tyne and Wear
2009,Qtr 3,July,1,2273,West Midlands
2009,Qtr 3,July,1,2185,West Yorkshire
2009,Qtr 3,August,1,2183,Greater Manchester
2009,Qtr 3,August,1,915,Merseyside
2009,Qtr 3,August,1,990,South Yorkshire
2009,Qtr 3,August,1,918,Tyne and Wear
2009,Qtr 3,August,1,2072,West Midlands
2009,Qtr 3,August,1,1969,West Yorkshire
2009,Qtr 3,September,1,2178,Greater Manchester
2009,Qtr 3,September,1,902,Merseyside
2009,Qtr 3,September,1,1052,South Yorkshire
2009,Qtr 3,September,1,866,Tyne and Wear
2009,Qtr 3,September,1,2044,West Midlands
2009,Qtr 3,September,1,2070,West Yorkshire
2009,Qtr 4,October,1,2484,Greater Manchester
2009,Qtr 4,October,1,1130,Merseyside
2009,Qtr 4,October,1,1184,South Yorkshire
2009,Qtr 4,October,1,1006,Tyne and Wear
2009,Qtr 4,October,1,2380,West Midlands
2009,Qtr 4,October,1,2324,West Yorkshire
2009,Qtr 4,November,1,2566,Greater Manchester
2009,Qtr 4,November,1,935,Merseyside
2009,Qtr 4,November,1,1155,South Yorkshire
2009,Qtr 4,November,1,839,Tyne and Wear
2009,Qtr 4,November,1,2124,West Midlands
2009,Qtr 4,November,1,2018,West Yorkshire
2009,Qtr 4,December,1,3096,Greater Manchester
2009,Qtr 4,December,1,1247,Merseyside
2009,Qtr 4,December,1,1475,South Yorkshire
2009,Qtr 4,December,1,1193,Tyne and Wear
2009,Qtr 4,December,1,2686,West Midlands
2009,Qtr 4,December,1,2638,West Yorkshire
2010,Qtr 1,January,1,1355,Greater Manchester
2010,Qtr 1,January,1,565,Merseyside
2010,Qtr 1,January,1,661,South Yorkshire
2010,Qtr 1,January,1,548,Tyne and Wear
2010,Qtr 1,January,1,1318,West Midlands
2010,Qtr 1,January,1,1183,West Yorkshire
2010,Qtr 1,February,1,1789,Greater Manchester
2010,Qtr 1,February,1,782,Merseyside
2010,Qtr 1,February,1,881,South Yorkshire
2010,Qtr 1,February,1,677,Tyne and Wear
2010,Qtr 1,February,1,1521,West Midlands
2010,Qtr 1,February,1,1498,West Yorkshire
2010,Qtr 1,March,1,2204,Greater Manchester
2010,Qtr 1,March,1,890,Merseyside
2010,Qtr 1,March,1,973,South Yorkshire
2010,Qtr 1,March,1,680,Tyne and Wear
2010,Qtr 1,March,1,1896,West Midlands
2010,Qtr 1,March,1,1719,West Yorkshire
2010,Qtr 2,April,1,2107,Greater Manchester
2010,Qtr 2,April,1,849,Merseyside
2010,Qtr 2,April,1,932,South Yorkshire
2010,Qtr 2,April,1,854,Tyne and Wear
2010,Qtr 2,April,1,1956,West Midlands
2010,Qtr 2,April,1,1740,West Yorkshire
2010,Qtr 2,May,1,2123,Greater Manchester
2010,Qtr 2,May,1,900,Merseyside
2010,Qtr 2,May,1,1064,South Yorkshire
2010,Qtr 2,May,1,788,Tyne and Wear
2010,Qtr 2,May,1,1740,West Midlands
2010,Qtr 2,May,1,1896,West Yorkshire
2010,Qtr 2,June,1,2350,Greater Manchester
2010,Qtr 2,June,1,1042,Merseyside
2010,Qtr 2,June,1,1175,South Yorkshire
2010,Qtr 2,June,1,969,Tyne and Wear
2010,Qtr 2,June,1,2187,West Midlands
2010,Qtr 2,June,1,2109,West Yorkshire
2010,Qtr 3,July,1,2688,Greater Manchester
2010,Qtr 3,July,1,1161,Merseyside
2010,Qtr 3,July,1,1270,South Yorkshire
2010,Qtr 3,July,1,1082,Tyne and Wear
2010,Qtr 3,July,1,2461,West Midlands
2010,Qtr 3,July,1,2224,West Yorkshire
2010,Qtr 3,August,1,2370,Greater Manchester
2010,Qtr 3,August,1,1087,Merseyside
2010,Qtr 3,August,1,1029,South Yorkshire
2010,Qtr 3,August,1,893,Tyne and Wear
2010,Qtr 3,August,1,2297,West Midlands
2010,Qtr 3,August,1,1972,West Yorkshire
2010,Qtr 3,September,1,2232,Greater Manchester
2010,Qtr 3,September,1,952,Merseyside
2010,Qtr 3,September,1,1082,South Yorkshire
2010,Qtr 3,September,1,889,Tyne and Wear
2010,Qtr 3,September,1,2118,West Midlands
2010,Qtr 3,September,1,1866,West Yorkshire
2010,Qtr 4,October,1,2321,Greater Manchester
2010,Qtr 4,October,1,993,Merseyside
2010,Qtr 4,October,1,1117,South Yorkshire
2010,Qtr 4,October,1,946,Tyne and Wear
2010,Qtr 4,October,1,2243,West Midlands
2010,Qtr 4,October,1,1980,West Yorkshire
2010,Qtr 4,November,1,2201,Greater Manchester
2010,Qtr 4,November,1,911,Merseyside
2010,Qtr 4,November,1,1071,South Yorkshire
2010,Qtr 4,November,1,783,Tyne and Wear
2010,Qtr 4,November,1,2072,West Midlands
2010,Qtr 4,November,1,1834,West Yorkshire
2010,Qtr 4,December,1,2303,Greater Manchester
2010,Qtr 4,December,1,936,Merseyside
2010,Qtr 4,December,1,1137,South Yorkshire
2010,Qtr 4,December,1,922,Tyne and Wear
2010,Qtr 4,December,1,2163,West Midlands
2010,Qtr 4,December,1,1890,West Yorkshire
2011,Qtr 1,January,1,1566,Greater Manchester
2011,Qtr 1,January,1,681,Merseyside
2011,Qtr 1,January,1,707,South Yorkshire
2011,Qtr 1,January,1,637,Tyne and Wear
2011,Qtr 1,January,1,1413,West Midlands
2011,Qtr 1,January,1,1233,West Yorkshire
2011,Qtr 1,February,1,1602,Greater Manchester
2011,Qtr 1,February,1,738,Merseyside
2011,Qtr 1,February,1,760,South Yorkshire
2011,Qtr 1,February,1,619,Tyne and Wear
2011,Qtr 1,February,1,1507,West Midlands
2011,Qtr 1,February,1,1337,West Yorkshire
2011,Qtr 1,March,1,2046,Greater Manchester
2011,Qtr 1,March,1,879,Merseyside
2011,Qtr 1,March,1,909,South Yorkshire
2011,Qtr 1,March,1,817,Tyne and Wear
2011,Qtr 1,March,1,1775,West Midlands
2011,Qtr 1,March,1,1497,West Yorkshire
2011,Qtr 2,April,1,2120,Greater Manchester
2011,Qtr 2,April,1,933,Merseyside
2011,Qtr 2,April,1,1081,South Yorkshire
2011,Qtr 2,April,1,918,Tyne and Wear
2011,Qtr 2,April,1,1874,West Midlands
2011,Qtr 2,April,1,1727,West Yorkshire
2011,Qtr 2,May,1,2009,Greater Manchester
2011,Qtr 2,May,1,917,Merseyside
2011,Qtr 2,May,1,944,South Yorkshire
2011,Qtr 2,May,1,823,Tyne and Wear
2011,Qtr 2,May,1,1765,West Midlands
2011,Qtr 2,May,1,1720,West Yorkshire
2011,Qtr 2,June,1,2217,Greater Manchester
2011,Qtr 2,June,1,1022,Merseyside
2011,Qtr 2,June,1,1181,South Yorkshire
2011,Qtr 2,June,1,1007,Tyne and Wear
2011,Qtr 2,June,1,2228,West Midlands
2011,Qtr 2,June,1,1865,West Yorkshire
2011,Qtr 3,July,1,2396,Greater Manchester
2011,Qtr 3,July,1,1053,Merseyside
2011,Qtr 3,July,1,1154,South Yorkshire
2011,Qtr 3,July,1,1026,Tyne and Wear
2011,Qtr 3,July,1,2238,West Midlands
2011,Qtr 3,July,1,1984,West Yorkshire
2011,Qtr 3,August,1,2297,Greater Manchester
2011,Qtr 3,August,1,1117,Merseyside
2011,Qtr 3,August,1,1286,South Yorkshire
2011,Qtr 3,August,1,1002,Tyne and Wear
2011,Qtr 3,August,1,2273,West Midlands
2011,Qtr 3,August,1,2064,West Yorkshire
2011,Qtr 3,September,1,2470,Greater Manchester
2011,Qtr 3,September,1,1099,Merseyside
2011,Qtr 3,September,1,1147,South Yorkshire
2011,Qtr 3,September,1,1082,Tyne and Wear
2011,Qtr 3,September,1,2313,West Midlands
2011,Qtr 3,September,1,2056,West Yorkshire
2011,Qtr 4,October,1,2233,Greater Manchester
2011,Qtr 4,October,1,1123,Merseyside
2011,Qtr 4,October,1,1120,South Yorkshire
2011,Qtr 4,October,1,916,Tyne and Wear
2011,Qtr 4,October,1,2245,West Midlands
2011,Qtr 4,October,1,1962,West Yorkshire
2011,Qtr 4,November,1,2327,Greater Manchester
2011,Qtr 4,November,1,1079,Merseyside
2011,Qtr 4,November,1,1171,South Yorkshire
2011,Qtr 4,November,1,984,Tyne and Wear
2011,Qtr 4,November,1,2239,West Midlands
2011,Qtr 4,November,1,2020,West Yorkshire
2011,Qtr 4,December,1,2570,Greater Manchester
2011,Qtr 4,December,1,1087,Merseyside
2011,Qtr 4,December,1,1313,South Yorkshire
2011,Qtr 4,December,1,1106,Tyne and Wear
2011,Qtr 4,December,1,2444,West Midlands
2011,Qtr 4,December,1,2012,West Yorkshire
2012,Qtr 1,January,1,1666,Greater Manchester
2012,Qtr 1,January,1,764,Merseyside
2012,Qtr 1,January,1,827,South Yorkshire
2012,Qtr 1,January,1,720,Tyne and Wear
2012,Qtr 1,January,1,1633,West Midlands
2012,Qtr 1,January,1,1456,West Yorkshire
2012,Qtr 1,February,1,1801,Greater Manchester
2012,Qtr 1,February,1,787,Merseyside
2012,Qtr 1,February,1,868,South Yorkshire
2012,Qtr 1,February,1,663,Tyne and Wear
2012,Qtr 1,February,1,1706,West Midlands
2012,Qtr 1,February,1,1436,West Yorkshire
2012,Qtr 1,March,1,2356,Greater Manchester
2012,Qtr 1,March,1,1046,Merseyside
2012,Qtr 1,March,1,1149,South Yorkshire
2012,Qtr 1,March,1,952,Tyne and Wear
2012,Qtr 1,March,1,2354,West Midlands
2012,Qtr 1,March,1,2044,West Yorkshire
2012,Qtr 2,April,1,1778,Greater Manchester
2012,Qtr 2,April,1,766,Merseyside
2012,Qtr 2,April,1,863,South Yorkshire
2012,Qtr 2,April,1,714,Tyne and Wear
2012,Qtr 2,April,1,1594,West Midlands
2012,Qtr 2,April,1,1501,West Yorkshire
2012,Qtr 2,May,1,1920,Greater Manchester
2012,Qtr 2,May,1,943,Merseyside
2012,Qtr 2,May,1,1052,South Yorkshire
2012,Qtr 2,May,1,937,Tyne and Wear
2012,Qtr 2,May,1,1864,West Midlands
2012,Qtr 2,May,1,1814,West Yorkshire
2012,Qtr 2,June,1,2193,Greater Manchester
2012,Qtr 2,June,1,1022,Merseyside
2012,Qtr 2,June,1,1199,South Yorkshire
2012,Qtr 2,June,1,1033,Tyne and Wear
2012,Qtr 2,June,1,2175,West Midlands
2012,Qtr 2,June,1,2089,West Yorkshire
2012,Qtr 3,July,1,2302,Greater Manchester
2012,Qtr 3,July,1,1046,Merseyside
2012,Qtr 3,July,1,1124,South Yorkshire
2012,Qtr 3,July,1,883,Tyne and Wear
2012,Qtr 3,July,1,2003,West Midlands
2012,Qtr 3,July,1,1915,West Yorkshire
2012,Qtr 3,August,1,2440,Greater Manchester
2012,Qtr 3,August,1,1092,Merseyside
2012,Qtr 3,August,1,1299,South Yorkshire
2012,Qtr 3,August,1,1017,Tyne and Wear
2012,Qtr 3,August,1,2161,West Midlands
2012,Qtr 3,August,1,2154,West Yorkshire
2012,Qtr 3,September,1,2019,Greater Manchester
2012,Qtr 3,September,1,881,Merseyside
2012,Qtr 3,September,1,958,South Yorkshire
2012,Qtr 3,September,1,819,Tyne and Wear
2012,Qtr 3,September,1,1892,West Midlands
2012,Qtr 3,September,1,1791,West Yorkshire
2012,Qtr 4,October,1,2289,Greater Manchester
2012,Qtr 4,October,1,924,Merseyside
2012,Qtr 4,October,1,1132,South Yorkshire
2012,Qtr 4,October,1,938,Tyne and Wear
2012,Qtr 4,October,1,2053,West Midlands
2012,Qtr 4,October,1,2001,West Yorkshire
2012,Qtr 4,November,1,2512,Greater Manchester
2012,Qtr 4,November,1,1130,Merseyside
2012,Qtr 4,November,1,1259,South Yorkshire
2012,Qtr 4,November,1,1048,Tyne and Wear
2012,Qtr 4,November,1,2375,West Midlands
2012,Qtr 4,November,1,2162,West Yorkshire
2012,Qtr 4,December,1,2088,Greater Manchester
2012,Qtr 4,December,1,1002,Merseyside
2012,Qtr 4,December,1,1150,South Yorkshire
2012,Qtr 4,December,1,986,Tyne and Wear
2012,Qtr 4,December,1,1937,West Midlands
2012,Qtr 4,December,1,1988,West Yorkshire
2013,Qtr 1,January,1,1679,Greater Manchester
2013,Qtr 1,January,1,914,Merseyside
2013,Qtr 1,January,1,841,South Yorkshire
2013,Qtr 1,January,1,666,Tyne and Wear
2013,Qtr 1,January,1,1557,West Midlands
2013,Qtr 1,January,1,1421,West Yorkshire
2013,Qtr 1,February,1,1870,Greater Manchester
2013,Qtr 1,February,1,934,Merseyside
2013,Qtr 1,February,1,920,South Yorkshire
2013,Qtr 1,February,1,724,Tyne and Wear
2013,Qtr 1,February,1,1868,West Midlands
2013,Qtr 1,February,1,1626,West Yorkshire
2013,Qtr 1,March,1,2193,Greater Manchester
2013,Qtr 1,March,1,1103,Merseyside
2013,Qtr 1,March,1,1200,South Yorkshire
2013,Qtr 1,March,1,936,Tyne and Wear
2013,Qtr 1,March,1,2041,West Midlands
2013,Qtr 1,March,1,2001,West Yorkshire
2013,Qtr 2,April,1,2151,Greater Manchester
2013,Qtr 2,April,1,917,Merseyside
2013,Qtr 2,April,1,1114,South Yorkshire
2013,Qtr 2,April,1,857,Tyne and Wear
2013,Qtr 2,April,1,1901,West Midlands
2013,Qtr 2,April,1,1737,West Yorkshire
2013,Qtr 2,May,1,2697,Greater Manchester
2013,Qtr 2,May,1,1266,Merseyside
2013,Qtr 2,May,1,1362,South Yorkshire
2013,Qtr 2,May,1,1121,Tyne and Wear
2013,Qtr 2,May,1,2357,West Midlands
2013,Qtr 2,May,1,2260,West Yorkshire
2013,Qtr 2,June,1,2648,Greater Manchester
2013,Qtr 2,June,1,1203,Merseyside
2013,Qtr 2,June,1,1311,South Yorkshire
2013,Qtr 2,June,1,1313,Tyne and Wear
2013,Qtr 2,June,1,2450,West Midlands
2013,Qtr 2,June,1,2441,West Yorkshire
2013,Qtr 3,July,1,2862,Greater Manchester
2013,Qtr 3,July,1,1474,Merseyside
2013,Qtr 3,July,1,1391,South Yorkshire
2013,Qtr 3,July,1,1179,Tyne and Wear
2013,Qtr 3,July,1,2623,West Midlands
2013,Qtr 3,July,1,2503,West Yorkshire
2013,Qtr 3,August,1,3227,Greater Manchester
2013,Qtr 3,August,1,1426,Merseyside
2013,Qtr 3,August,1,1592,South Yorkshire
2013,Qtr 3,August,1,1237,Tyne and Wear
2013,Qtr 3,August,1,2752,West Midlands
2013,Qtr 3,August,1,2753,West Yorkshire
2013,Qtr 3,September,1,2670,Greater Manchester
2013,Qtr 3,September,1,1314,Merseyside
2013,Qtr 3,September,1,1319,South Yorkshire
2013,Qtr 3,September,1,1111,Tyne and Wear
2013,Qtr 3,September,1,2458,West Midlands
2013,Qtr 3,September,1,2411,West Yorkshire
2013,Qtr 4,October,1,3053,Greater Manchester
2013,Qtr 4,October,1,1485,Merseyside
2013,Qtr 4,October,1,1553,South Yorkshire
2013,Qtr 4,October,1,1185,Tyne and Wear
2013,Qtr 4,October,1,2965,West Midlands
2013,Qtr 4,October,1,2839,West Yorkshire
2013,Qtr 4,November,1,3375,Greater Manchester
2013,Qtr 4,November,1,1663,Merseyside
2013,Qtr 4,November,1,1732,South Yorkshire
2013,Qtr 4,November,1,1389,Tyne and Wear
2013,Qtr 4,November,1,3128,West Midlands
2013,Qtr 4,November,1,3014,West Yorkshire
2013,Qtr 4,December,1,3090,Greater Manchester
2013,Qtr 4,December,1,1480,Merseyside
2013,Qtr 4,December,1,1614,South Yorkshire
2013,Qtr 4,December,1,1314,Tyne and Wear
2013,Qtr 4,December,1,2871,West Midlands
2013,Qtr 4,December,1,2849,West Yorkshire
2014,Qtr 1,January,1,2703,Greater Manchester
2014,Qtr 1,January,1,1339,Merseyside
2014,Qtr 1,January,1,1309,South Yorkshire
2014,Qtr 1,January,1,1106,Tyne and Wear
2014,Qtr 1,January,1,2434,West Midlands
2014,Qtr 1,January,1,2494,West Yorkshire
2014,Qtr 1,February,1,2936,Greater Manchester
2014,Qtr 1,February,1,1362,Merseyside
2014,Qtr 1,February,1,1364,South Yorkshire
2014,Qtr 1,February,1,1102,Tyne and Wear
2014,Qtr 1,February,1,2606,West Midlands
2014,Qtr 1,February,1,2464,West Yorkshire
2014,Qtr 1,March,1,3123,Greater Manchester
2014,Qtr 1,March,1,1552,Merseyside
2014,Qtr 1,March,1,1480,South Yorkshire
2014,Qtr 1,March,1,1189,Tyne and Wear
2014,Qtr 1,March,1,2698,West Midlands
2014,Qtr 1,March,1,2537,West Yorkshire
2014,Qtr 2,April,1,3188,Greater Manchester
2014,Qtr 2,April,1,1367,Merseyside
2014,Qtr 2,April,1,1495,South Yorkshire
2014,Qtr 2,April,1,1174,Tyne and Wear
2014,Qtr 2,April,1,2653,West Midlands
2014,Qtr 2,April,1,2648,West Yorkshire
2014,Qtr 2,May,1,3504,Greater Manchester
2014,Qtr 2,May,1,1679,Merseyside
2014,Qtr 2,May,1,1661,South Yorkshire
2014,Qtr 2,May,1,1428,Tyne and Wear
2014,Qtr 2,May,1,3023,West Midlands
2014,Qtr 2,May,1,3008,West Yorkshire
2014,Qtr 2,June,1,3484,Greater Manchester
2014,Qtr 2,June,1,1685,Merseyside
2014,Qtr 2,June,1,1721,South Yorkshire
2014,Qtr 2,June,1,1515,Tyne and Wear
2014,Qtr 2,June,1,3155,West Midlands
2014,Qtr 2,June,1,3166,West Yorkshire
2014,Qtr 3,July,1,3559,Greater Manchester
2014,Qtr 3,July,1,1713,Merseyside
2014,Qtr 3,July,1,1769,South Yorkshire
2014,Qtr 3,July,1,1356,Tyne and Wear
2014,Qtr 3,July,1,3236,West Midlands
2014,Qtr 3,July,1,3153,West Yorkshire
2014,Qtr 3,August,1,3742,Greater Manchester
2014,Qtr 3,August,1,1805,Merseyside
2014,Qtr 3,August,1,1909,South Yorkshire
2014,Qtr 3,August,1,1524,Tyne and Wear
2014,Qtr 3,August,1,3452,West Midlands
2014,Qtr 3,August,1,3210,West Yorkshire
2014,Qtr 3,September,1,3421,Greater Manchester
2014,Qtr 3,September,1,1642,Merseyside
2014,Qtr 3,September,1,1568,South Yorkshire
2014,Qtr 3,September,1,1306,Tyne and Wear
2014,Qtr 3,September,1,2943,West Midlands
2014,Qtr 3,September,1,3015,West Yorkshire
2014,Qtr 4,October,1,3790,Greater Manchester
2014,Qtr 4,October,1,1804,Merseyside
2014,Qtr 4,October,1,1780,South Yorkshire
2014,Qtr 4,October,1,1506,Tyne and Wear
2014,Qtr 4,October,1,3329,West Midlands
2014,Qtr 4,October,1,3326,West Yorkshire
2014,Qtr 4,November,1,3171,Greater Manchester
2014,Qtr 4,November,1,1467,Merseyside
2014,Qtr 4,November,1,1513,South Yorkshire
2014,Qtr 4,November,1,1362,Tyne and Wear
2014,Qtr 4,November,1,2806,West Midlands
2014,Qtr 4,November,1,2762,West Yorkshire
2014,Qtr 4,December,1,3433,Greater Manchester
2014,Qtr 4,December,1,1594,Merseyside
2014,Qtr 4,December,1,1766,South Yorkshire
2014,Qtr 4,December,1,1321,Tyne and Wear
2014,Qtr 4,December,1,2963,West Midlands
2014,Qtr 4,December,1,2770,West Yorkshire
2015,Qtr 1,January,1,2552,Greater Manchester
2015,Qtr 1,January,1,1172,Merseyside
2015,Qtr 1,January,1,1119,South Yorkshire
2015,Qtr 1,January,1,1076,Tyne and Wear
2015,Qtr 1,January,1,2300,West Midlands
2015,Qtr 1,January,1,1996,West Yorkshire
2015,Qtr 1,February,1,2851,Greater Manchester
2015,Qtr 1,February,1,1185,Merseyside
2015,Qtr 1,February,1,1273,South Yorkshire
2015,Qtr 1,February,1,961,Tyne and Wear
2015,Qtr 1,February,1,2510,West Midlands
2015,Qtr 1,February,1,2210,West Yorkshire
2015,Qtr 1,March,1,3283,Greater Manchester
2015,Qtr 1,March,1,1453,Merseyside
2015,Qtr 1,March,1,1441,South Yorkshire
2015,Qtr 1,March,1,1197,Tyne and Wear
2015,Qtr 1,March,1,2906,West Midlands
2015,Qtr 1,March,1,2664,West Yorkshire
2015,Qtr 2,April,1,2956,Greater Manchester
2015,Qtr 2,April,1,1378,Merseyside
2015,Qtr 2,April,1,1319,South Yorkshire
2015,Qtr 2,April,1,1087,Tyne and Wear
2015,Qtr 2,April,1,2443,West Midlands
2015,Qtr 2,April,1,2526,West Yorkshire
2015,Qtr 2,May,1,3497,Greater Manchester
2015,Qtr 2,May,1,1658,Merseyside
2015,Qtr 2,May,1,1660,South Yorkshire
2015,Qtr 2,May,1,1403,Tyne and Wear
2015,Qtr 2,May,1,3066,West Midlands
2015,Qtr 2,May,1,2991,West Yorkshire
2015,Qtr 2,June,1,3728,Greater Manchester
2015,Qtr 2,June,1,1707,Merseyside
2015,Qtr 2,June,1,1751,South Yorkshire
2015,Qtr 2,June,1,1584,Tyne and Wear
2015,Qtr 2,June,1,3192,West Midlands
2015,Qtr 2,June,1,3212,West Yorkshire
2015,Qtr 3,July,1,4328,Greater Manchester
2015,Qtr 3,July,1,1967,Merseyside
2015,Qtr 3,July,1,1914,South Yorkshire
2015,Qtr 3,July,1,1617,Tyne and Wear
2015,Qtr 3,July,1,3561,West Midlands
2015,Qtr 3,July,1,3496,West Yorkshire
2015,Qtr 3,August,1,3843,Greater Manchester
2015,Qtr 3,August,1,1777,Merseyside
2015,Qtr 3,August,1,1790,South Yorkshire
2015,Qtr 3,August,1,1382,Tyne and Wear
2015,Qtr 3,August,1,3186,West Midlands
2015,Qtr 3,August,1,3101,West Yorkshire
2015,Qtr 3,September,1,3729,Greater Manchester
2015,Qtr 3,September,1,1781,Merseyside
2015,Qtr 3,September,1,1741,South Yorkshire
2015,Qtr 3,September,1,1415,Tyne and Wear
2015,Qtr 3,September,1,3264,West Midlands
2015,Qtr 3,September,1,2885,West Yorkshire
2015,Qtr 4,October,1,4217,Greater Manchester
2015,Qtr 4,October,1,1856,Merseyside
2015,Qtr 4,October,1,1895,South Yorkshire
2015,Qtr 4,October,1,1420,Tyne and Wear
2015,Qtr 4,October,1,3682,West Midlands
2015,Qtr 4,October,1,3576,West Yorkshire
2015,Qtr 4,November,1,3615,Greater Manchester
2015,Qtr 4,November,1,1701,Merseyside
2015,Qtr 4,November,1,1628,South Yorkshire
2015,Qtr 4,November,1,1354,Tyne and Wear
2015,Qtr 4,November,1,3282,West Midlands
2015,Qtr 4,November,1,2985,West Yorkshire
2015,Qtr 4,December,1,3662,Greater Manchester
2015,Qtr 4,December,1,1734,Merseyside
2015,Qtr 4,December,1,1725,South Yorkshire
2015,Qtr 4,December,1,1369,Tyne and Wear
2015,Qtr 4,December,1,3322,West Midlands
2015,Qtr 4,December,1,3037,West Yorkshire
2016,Qtr 1,January,1,2810,Greater Manchester
2016,Qtr 1,January,1,1306,Merseyside
2016,Qtr 1,January,1,1274,South Yorkshire
2016,Qtr 1,January,1,1016,Tyne and Wear
2016,Qtr 1,January,1,2529,West Midlands
2016,Qtr 1,January,1,2270,West Yorkshire
2016,Qtr 1,February,1,3158,Greater Manchester
2016,Qtr 1,February,1,1380,Merseyside
2016,Qtr 1,February,1,1297,South Yorkshire
2016,Qtr 1,February,1,1081,Tyne and Wear
2016,Qtr 1,February,1,2674,West Midlands
2016,Qtr 1,February,1,2466,West Yorkshire
2016,Qtr 1,March,1,5223,Greater Manchester
2016,Qtr 1,March,1,2303,Merseyside
2016,Qtr 1,March,1,2190,South Yorkshire
2016,Qtr 1,March,1,1772,Tyne and Wear
2016,Qtr 1,March,1,4849,West Midlands
2016,Qtr 1,March,1,3955,West Yorkshire
2016,Qtr 2,April,1,2221,Greater Manchester
2016,Qtr 2,April,1,1100,Merseyside
2016,Qtr 2,April,1,1085,South Yorkshire
2016,Qtr 2,April,1,798,Tyne and Wear
2016,Qtr 2,April,1,1916,West Midlands
2016,Qtr 2,April,1,2040,West Yorkshire
2016,Qtr 2,May,1,2346,Greater Manchester
2016,Qtr 2,May,1,1189,Merseyside
2016,Qtr 2,May,1,1150,South Yorkshire
2016,Qtr 2,May,1,883,Tyne and Wear
2016,Qtr 2,May,1,2106,West Midlands
2016,Qtr 2,May,1,2089,West Yorkshire
2016,Qtr 2,June,1,2726,Greater Manchester
2016,Qtr 2,June,1,1330,Merseyside
2016,Qtr 2,June,1,1286,South Yorkshire
2016,Qtr 2,June,1,1021,Tyne and Wear
2016,Qtr 2,June,1,2365,West Midlands
2016,Qtr 2,June,1,2429,West Yorkshire
2016,Qtr 3,July,1,3444,Greater Manchester
2016,Qtr 3,July,1,1472,Merseyside
2016,Qtr 3,July,1,1473,South Yorkshire
2016,Qtr 3,July,1,1221,Tyne and Wear
2016,Qtr 3,July,1,2780,West Midlands
2016,Qtr 3,July,1,2801,West Yorkshire
2016,Qtr 3,August,1,3191,Greater Manchester
2016,Qtr 3,August,1,1562,Merseyside
2016,Qtr 3,August,1,1511,South Yorkshire
2016,Qtr 3,August,1,1131,Tyne and Wear
2016,Qtr 3,August,1,2845,West Midlands
2016,Qtr 3,August,1,2957,West Yorkshire
2016,Qtr 3,September,1,3093,Greater Manchester
2016,Qtr 3,September,1,1436,Merseyside
2016,Qtr 3,September,1,1417,South Yorkshire
2016,Qtr 3,September,1,1029,Tyne and Wear
2016,Qtr 3,September,1,2777,West Midlands
2016,Qtr 3,September,1,2700,West Yorkshire
2016,Qtr 4,October,1,2913,Greater Manchester
2016,Qtr 4,October,1,1351,Merseyside
2016,Qtr 4,October,1,1301,South Yorkshire
2016,Qtr 4,October,1,974,Tyne and Wear
2016,Qtr 4,October,1,2518,West Midlands
2016,Qtr 4,October,1,2495,West Yorkshire
2016,Qtr 4,November,1,0,Greater Manchester
2016,Qtr 4,November,1,0,Merseyside
2016,Qtr 4,November,1,0,South Yorkshire
2016,Qtr 4,November,1,0,Tyne and Wear
2016,Qtr 4,November,1,0,West Midlands
2016,Qtr 4,November,1,0,West Yorkshire
2016,Qtr 4,December,1,0,Greater Manchester
2016,Qtr 4,December,1,0,Merseyside
2016,Qtr 4,December,1,0,South Yorkshire
2016,Qtr 4,December,1,0,Tyne and Wear
2016,Qtr 4,December,1,0,West Midlands
2016,Qtr 4,December,1,0,West Yorkshire
